{"cameraMode":{"drawMode":0,"name":"Shaded","section":"Shading Mode"},"sceneLighting":false,"audioPlay":false,"sceneViewState":{"showFog":true,"showMaterialUpdate":false,"showSkybox":true,"showFlares":true,"showImageEffects":true,"showParticleSystems":true},"in2DMode":false,"pivot":{"x":-3.9710118770599367,"y":-1.6124500036239625,"z":-5.323453426361084},"rotation":{"x":-0.03533365577459335,"y":0.947806179523468,"z":-0.11314123868942261,"w":-0.2959967851638794},"size":8.409523963928223,"orthographic":false}