{"cameraMode":{"drawMode":0,"name":"Shaded","section":"Shading Mode"},"sceneLighting":false,"audioPlay":false,"sceneViewState":{"showFog":true,"showMaterialUpdate":false,"showSkybox":true,"showFlares":true,"showImageEffects":true,"showParticleSystems":true},"in2DMode":false,"pivot":{"x":-55.41875076293945,"y":8.803916931152344,"z":22.430522918701173},"rotation":{"x":-0.0017863247776404024,"y":-0.9878824353218079,"z":0.15476222336292268,"w":-0.011566982604563237},"size":10.419808387756348,"orthographic":false}