{"cameraMode":{"drawMode":0,"name":"Shaded","section":"Shading Mode"},"sceneLighting":false,"audioPlay":false,"sceneViewState":{"showFog":true,"showMaterialUpdate":false,"showSkybox":true,"showFlares":true,"showImageEffects":true,"showParticleSystems":true},"in2DMode":false,"pivot":{"x":-54.720436096191409,"y":1.2474499940872193,"z":0.38305559754371645},"rotation":{"x":0.2379179149866104,"y":0.4410921037197113,"z":-0.12248776853084564,"w":0.8566385507583618},"size":3.795194387435913,"orthographic":false}