{"cameraMode":{"drawMode":0,"name":"Shaded","section":"Shading Mode"},"sceneLighting":false,"audioPlay":false,"sceneViewState":{"showFog":true,"showMaterialUpdate":false,"showSkybox":true,"showFlares":true,"showImageEffects":true,"showParticleSystems":true},"in2DMode":false,"pivot":{"x":-62.964996337890628,"y":6.347772598266602,"z":-0.22966384887695313},"rotation":{"x":0.022870682179927827,"y":0.9588997960090637,"z":-0.27096569538116457,"w":0.08102928847074509},"size":25.159181594848634,"orthographic":false}