{"cameraMode":{"drawMode":0,"name":"Shaded","section":"Shading Mode"},"sceneLighting":false,"audioPlay":false,"sceneViewState":{"showFog":true,"showMaterialUpdate":false,"showSkybox":true,"showFlares":true,"showImageEffects":true,"showParticleSystems":true},"in2DMode":false,"pivot":{"x":22.06999969482422,"y":3.223829984664917,"z":10.420000076293946},"rotation":{"x":-0.011491723358631134,"y":0.9841616153717041,"z":-0.16267289221286775,"w":-0.06950780004262924},"size":13.592062950134278,"orthographic":false}