{"cameraMode":{"drawMode":0,"name":"Shaded","section":"Shading Mode"},"sceneLighting":false,"audioPlay":false,"sceneViewState":{"showFog":true,"showMaterialUpdate":false,"showSkybox":true,"showFlares":true,"showImageEffects":true,"showParticleSystems":true},"in2DMode":false,"pivot":{"x":15.236433029174805,"y":3.7786943912506105,"z":9.89831256866455},"rotation":{"x":-0.13133925199508668,"y":-0.09325467050075531,"z":0.012411689385771752,"w":-0.9868634939193726},"size":7.123325824737549,"orthographic":false}