{"cameraMode":{"drawMode":0,"name":"Shaded","section":"Shading Mode"},"sceneLighting":false,"audioPlay":false,"sceneViewState":{"showFog":true,"showMaterialUpdate":false,"showSkybox":true,"showFlares":true,"showImageEffects":true,"showParticleSystems":true},"in2DMode":false,"pivot":{"x":0.0029999911785125734,"y":-0.014999985694885254,"z":0.5839999914169312},"rotation":{"x":0.018388893455266954,"y":0.9689959287643433,"z":-0.234368234872818,"w":0.07602854818105698},"size":1.6337497234344483,"orthographic":false}