{"cameraMode":{"drawMode":0,"name":"Shaded","section":"Shading Mode"},"sceneLighting":false,"audioPlay":false,"sceneViewState":{"showFog":true,"showMaterialUpdate":false,"showSkybox":true,"showFlares":true,"showImageEffects":true,"showParticleSystems":true},"in2DMode":false,"pivot":{"x":-61.46291732788086,"y":2.8720452785491945,"z":20.312273025512697},"rotation":{"x":0.0037129526026546957,"y":0.9902067184448242,"z":-0.1369149535894394,"w":0.02703968808054924},"size":14.840054512023926,"orthographic":false}