{"cameraMode":{"drawMode":0,"name":"Shaded","section":"Shading Mode"},"sceneLighting":false,"audioPlay":false,"sceneViewState":{"showFog":true,"showMaterialUpdate":false,"showSkybox":true,"showFlares":true,"showImageEffects":true,"showParticleSystems":true},"in2DMode":false,"pivot":{"x":-61.480003356933597,"y":3.223829984664917,"z":20.25},"rotation":{"x":-0.1409299075603485,"y":0.1223294585943222,"z":-0.01755087822675705,"w":-0.9822760820388794},"size":19.687355041503908,"orthographic":false}