{"cameraMode":{"drawMode":0,"name":"Shaded","section":"Shading Mode"},"sceneLighting":false,"audioPlay":false,"sceneViewState":{"showFog":true,"showMaterialUpdate":false,"showSkybox":true,"showFlares":true,"showImageEffects":true,"showParticleSystems":true},"in2DMode":false,"pivot":{"x":22.06999969482422,"y":3.223829984664917,"z":10.420000076293946},"rotation":{"x":-0.14219076931476594,"y":0.7344810962677002,"z":-0.1623171865940094,"w":-0.6434069871902466},"size":11.600913047790528,"orthographic":false}