{"cameraMode":{"drawMode":0,"name":"Shaded","section":"Shading Mode"},"sceneLighting":false,"audioPlay":false,"sceneViewState":{"showFog":true,"showMaterialUpdate":false,"showSkybox":true,"showFlares":true,"showImageEffects":true,"showParticleSystems":true},"in2DMode":false,"pivot":{"x":-4.194278717041016,"y":3.4733896255493166,"z":-3.8199996948242189},"rotation":{"x":-0.039092227816581729,"y":0.8268510103225708,"z":-0.05787455290555954,"w":-0.5580679774284363},"size":16.915851593017579,"orthographic":false}