{"cameraMode":{"drawMode":0,"name":"Shaded","section":"Shading Mode"},"sceneLighting":false,"audioPlay":false,"sceneViewState":{"showFog":true,"showMaterialUpdate":false,"showSkybox":true,"showFlares":true,"showImageEffects":true,"showParticleSystems":true},"in2DMode":false,"pivot":{"x":2.410038709640503,"y":1.8695114850997925,"z":0.9634999632835388},"rotation":{"x":0.018040085211396219,"y":0.981876790523529,"z":-0.14026720821857453,"w":0.12616528570652009},"size":14.877824783325196,"orthographic":false}