{"cameraMode":{"drawMode":0,"name":"Shaded","section":"Shading Mode"},"sceneLighting":false,"audioPlay":false,"sceneViewState":{"showFog":true,"showMaterialUpdate":false,"showSkybox":true,"showFlares":true,"showImageEffects":true,"showParticleSystems":true},"in2DMode":false,"pivot":{"x":-7.506279945373535,"y":1.552562952041626,"z":-3.0192196369171144},"rotation":{"x":0.25305601954460146,"y":0.020935945212841035,"z":-0.005445697344839573,"w":0.9672098159790039},"size":11.758500099182129,"orthographic":false}