{"cameraMode":{"drawMode":0,"name":"Shaded","section":"Shading Mode"},"sceneLighting":false,"audioPlay":false,"sceneViewState":{"showFog":true,"showMaterialUpdate":false,"showSkybox":true,"showFlares":true,"showImageEffects":true,"showParticleSystems":true},"in2DMode":false,"pivot":{"x":-13.028048515319825,"y":20.26133155822754,"z":3.5178768634796144},"rotation":{"x":-0.3739347457885742,"y":-0.6067346334457398,"z":0.3883657455444336,"w":-0.5841386318206787},"size":11.671669960021973,"orthographic":false}