{"cameraMode":{"drawMode":0,"name":"Shaded","section":"Shading Mode"},"sceneLighting":false,"audioPlay":false,"sceneViewState":{"showFog":true,"showMaterialUpdate":false,"showSkybox":true,"showFlares":true,"showImageEffects":true,"showParticleSystems":true},"in2DMode":false,"pivot":{"x":25.556964874267579,"y":3.2237863540649416,"z":12.978338241577149},"rotation":{"x":-0.1378180831670761,"y":0.027022769674658777,"z":-0.003758844919502735,"w":-0.9900817275047302},"size":19.154237747192384,"orthographic":false}