{"cameraMode":{"drawMode":0,"name":"Shaded","section":"Shading Mode"},"sceneLighting":false,"audioPlay":false,"sceneViewState":{"showFog":true,"showMaterialUpdate":false,"showSkybox":true,"showFlares":true,"showImageEffects":true,"showParticleSystems":true},"in2DMode":false,"pivot":{"x":-11.130748748779297,"y":-5.983966827392578,"z":23.9814453125},"rotation":{"x":0.0788268893957138,"y":-0.46786895394325259,"z":0.04191531613469124,"w":0.8792771100997925},"size":55.82044219970703,"orthographic":false}