{"cameraMode":{"drawMode":0,"name":"Shaded","section":"Shading Mode"},"sceneLighting":false,"audioPlay":false,"sceneViewState":{"showFog":true,"showMaterialUpdate":false,"showSkybox":true,"showFlares":true,"showImageEffects":true,"showParticleSystems":true},"in2DMode":false,"pivot":{"x":19.055830001831056,"y":3.223829984664917,"z":-8.071898460388184},"rotation":{"x":-0.1378180831670761,"y":0.027022769674658777,"z":-0.003758844919502735,"w":-0.9900817275047302},"size":11.440144538879395,"orthographic":false}