{"cameraMode":{"drawMode":0,"name":"Shaded","section":"Shading Mode"},"sceneLighting":false,"audioPlay":false,"sceneViewState":{"showFog":true,"showMaterialUpdate":false,"showSkybox":true,"showFlares":true,"showImageEffects":true,"showParticleSystems":true},"in2DMode":false,"pivot":{"x":-79.29013061523438,"y":23.27590560913086,"z":15.243602752685547},"rotation":{"x":-0.09990082681179047,"y":0.7270876169204712,"z":-0.10832518339157105,"w":-0.670543909072876},"size":26.13176727294922,"orthographic":false}