{"cameraMode":{"drawMode":0,"name":"Shaded","section":"Shading Mode"},"sceneLighting":false,"audioPlay":false,"sceneViewState":{"showFog":true,"showMaterialUpdate":false,"showSkybox":true,"showFlares":true,"showImageEffects":true,"showParticleSystems":true},"in2DMode":false,"pivot":{"x":8.849117279052735,"y":21.658828735351564,"z":6.697257041931152},"rotation":{"x":-0.19169074296951295,"y":0.011122292838990689,"z":-0.0021727050188928844,"w":-0.9813899993896484},"size":7.064319133758545,"orthographic":false}