{"cameraMode":{"drawMode":0,"name":"Shaded","section":"Shading Mode"},"sceneLighting":true,"audioPlay":false,"sceneViewState":{"showFog":true,"showMaterialUpdate":true,"showSkybox":true,"showFlares":true,"showImageEffects":true,"showParticleSystems":true},"in2DMode":false,"pivot":{"x":-27.282564163208009,"y":21.66695785522461,"z":6.083817958831787},"rotation":{"x":0.011289216578006745,"y":0.9868760108947754,"z":-0.14008060097694398,"w":0.0795350894331932},"size":13.070656776428223,"orthographic":false}