{"cameraMode":{"drawMode":0,"name":"Shaded","section":"Shading Mode"},"sceneLighting":false,"audioPlay":false,"sceneViewState":{"showFog":true,"showMaterialUpdate":false,"showSkybox":true,"showFlares":true,"showImageEffects":true,"showParticleSystems":true},"in2DMode":false,"pivot":{"x":15.217916488647461,"y":3.623839855194092,"z":10.792749404907227},"rotation":{"x":-0.004715564660727978,"y":0.9921968579292297,"z":-0.11812906712293625,"w":-0.03960724547505379},"size":8.269427299499512,"orthographic":false}