{"cameraMode":{"drawMode":0,"name":"Shaded","section":"Shading Mode"},"sceneLighting":false,"audioPlay":false,"sceneViewState":{"showFog":true,"showMaterialUpdate":false,"showSkybox":true,"showFlares":true,"showImageEffects":true,"showParticleSystems":true},"in2DMode":false,"pivot":{"x":3.285026788711548,"y":8.569900512695313,"z":11.643217086791993},"rotation":{"x":0.006570621393620968,"y":0.9880183935165405,"z":-0.14781054854393006,"w":0.043914902955293658},"size":7.311720371246338,"orthographic":false}