{"cameraMode":{"drawMode":0,"name":"Shaded","section":"Shading Mode"},"sceneLighting":false,"audioPlay":false,"sceneViewState":{"showFog":true,"showMaterialUpdate":false,"showSkybox":true,"showFlares":true,"showImageEffects":true,"showParticleSystems":true},"in2DMode":false,"pivot":{"x":-79.27698516845703,"y":24.68658447265625,"z":10.997319221496582},"rotation":{"x":0.006570621393620968,"y":0.9880183935165405,"z":-0.14781054854393006,"w":0.043914902955293658},"size":14.782169342041016,"orthographic":false}