{"cameraMode":{"drawMode":0,"name":"Shaded","section":"Shading Mode"},"sceneLighting":false,"audioPlay":false,"sceneViewState":{"showFog":true,"showMaterialUpdate":false,"showSkybox":true,"showFlares":true,"showImageEffects":true,"showParticleSystems":true},"in2DMode":false,"pivot":{"x":-4.194278717041016,"y":3.4733896255493166,"z":-3.8199996948242189},"rotation":{"x":0.006570621393620968,"y":0.9880183935165405,"z":-0.14781054854393006,"w":0.043914902955293658},"size":23.349103927612306,"orthographic":false}