{"cameraMode":{"drawMode":0,"name":"Shaded","section":"Shading Mode"},"sceneLighting":false,"audioPlay":false,"sceneViewState":{"showFog":true,"showMaterialUpdate":false,"showSkybox":true,"showFlares":true,"showImageEffects":true,"showParticleSystems":true},"in2DMode":false,"pivot":{"x":25.22503662109375,"y":3.223829984664917,"z":10.670000076293946},"rotation":{"x":0.006570621393620968,"y":0.9880183935165405,"z":-0.14781054854393006,"w":0.043914902955293658},"size":34.682289123535159,"orthographic":false}