{"cameraMode":{"drawMode":0,"name":"Shaded","section":"Shading Mode"},"sceneLighting":false,"audioPlay":false,"sceneViewState":{"showFog":true,"showMaterialUpdate":false,"showSkybox":true,"showFlares":true,"showImageEffects":true,"showParticleSystems":true},"in2DMode":false,"pivot":{"x":-62.964996337890628,"y":6.347772598266602,"z":-0.22966384887695313},"rotation":{"x":0.006570621393620968,"y":0.9880183935165405,"z":-0.14781054854393006,"w":0.043914902955293658},"size":44.55693054199219,"orthographic":false}