{"cameraMode":{"drawMode":0,"name":"Shaded","section":"Shading Mode"},"sceneLighting":false,"audioPlay":false,"sceneViewState":{"showFog":true,"showMaterialUpdate":false,"showSkybox":true,"showFlares":true,"showImageEffects":true,"showParticleSystems":true},"in2DMode":false,"pivot":{"x":22.06999969482422,"y":3.223829984664917,"z":10.420000076293946},"rotation":{"x":-0.028351251035928727,"y":0.9691224694252014,"z":-0.2050420492887497,"w":-0.1339990645647049},"size":11.600913047790528,"orthographic":false}