{"cameraMode":{"drawMode":0,"name":"Shaded","section":"Shading Mode"},"sceneLighting":true,"audioPlay":false,"sceneViewState":{"showFog":false,"showMaterialUpdate":false,"showSkybox":false,"showFlares":false,"showImageEffects":false,"showParticleSystems":false},"in2DMode":false,"pivot":{"x":48.864532470703128,"y":8.213422775268555,"z":11.481427192687989},"rotation":{"x":0.06285607814788819,"y":0.05685592070221901,"z":-0.0035866666585206987,"w":0.9963954091072083},"size":0.6009813547134399,"orthographic":false}