{"cameraMode":{"drawMode":0,"name":"Shaded","section":"Shading Mode"},"sceneLighting":false,"audioPlay":false,"sceneViewState":{"showFog":true,"showMaterialUpdate":false,"showSkybox":true,"showFlares":true,"showImageEffects":true,"showParticleSystems":true},"in2DMode":false,"pivot":{"x":-72.36000061035156,"y":23.573997497558595,"z":10.048036575317383},"rotation":{"x":-0.28700533509254458,"y":0.4337608218193054,"z":-0.1479972004890442,"w":-0.8411756157875061},"size":2.6579108238220217,"orthographic":false}