{"cameraMode":{"drawMode":0,"name":"Shaded","section":"Shading Mode"},"sceneLighting":true,"audioPlay":false,"sceneViewState":{"showFog":false,"showMaterialUpdate":false,"showSkybox":false,"showFlares":false,"showImageEffects":false,"showParticleSystems":false},"in2DMode":false,"pivot":{"x":-10.980663299560547,"y":13.909834861755371,"z":13.434490203857422},"rotation":{"x":0.02032318338751793,"y":-0.7635616064071655,"z":0.02405991405248642,"w":0.6449664235115051},"size":21.38934898376465,"orthographic":false}