{"cameraMode":{"drawMode":0,"name":"Shaded","section":"Shading Mode"},"sceneLighting":false,"audioPlay":false,"sceneViewState":{"showFog":true,"showMaterialUpdate":false,"showSkybox":true,"showFlares":true,"showImageEffects":true,"showParticleSystems":true},"in2DMode":false,"pivot":{"x":-62.964996337890628,"y":6.347772598266602,"z":-0.22966384887695313},"rotation":{"x":-0.006420590449124575,"y":0.978111982345581,"z":-0.20572777092456819,"w":-0.03052593022584915},"size":44.55693054199219,"orthographic":false}