{"cameraMode":{"drawMode":0,"name":"Shaded","section":"Shading Mode"},"sceneLighting":false,"audioPlay":false,"sceneViewState":{"showFog":true,"showMaterialUpdate":false,"showSkybox":true,"showFlares":true,"showImageEffects":true,"showParticleSystems":true},"in2DMode":false,"pivot":{"x":25.22503662109375,"y":3.223829984664917,"z":10.670000076293946},"rotation":{"x":-0.14463479816913606,"y":0.5097787976264954,"z":-0.08740714937448502,"w":-0.8435439467430115},"size":34.682289123535159,"orthographic":false}