{"cameraMode":{"drawMode":0,"name":"Shaded","section":"Shading Mode"},"sceneLighting":false,"audioPlay":false,"sceneViewState":{"showFog":true,"showMaterialUpdate":false,"showSkybox":true,"showFlares":true,"showImageEffects":true,"showParticleSystems":true},"in2DMode":false,"pivot":{"x":-7.506279945373535,"y":1.552562952041626,"z":-3.0192196369171144},"rotation":{"x":0.033111341297626498,"y":-0.9627318978309631,"z":0.22979849576950074,"w":0.13872173428535462},"size":11.758500099182129,"orthographic":false}