{"cameraMode":{"drawMode":0,"name":"Shaded","section":"Shading Mode"},"sceneLighting":false,"audioPlay":false,"sceneViewState":{"showFog":false,"showMaterialUpdate":false,"showSkybox":false,"showFlares":false,"showImageEffects":false,"showParticleSystems":false},"in2DMode":false,"pivot":{"x":-83.30709838867188,"y":22.72208023071289,"z":21.968727111816408},"rotation":{"x":0.15337572991847993,"y":-0.8345741033554077,"z":0.2886628210544586,"w":0.44343626499176028},"size":26.13176727294922,"orthographic":false}