{"cameraMode":{"drawMode":0,"name":"Shaded","section":"Shading Mode"},"sceneLighting":false,"audioPlay":false,"sceneViewState":{"showFog":true,"showMaterialUpdate":false,"showSkybox":true,"showFlares":true,"showImageEffects":true,"showParticleSystems":true},"in2DMode":false,"pivot":{"x":-61.45539855957031,"y":3.2238898277282717,"z":20.24244499206543},"rotation":{"x":-0.023858191445469857,"y":0.9755771160125732,"z":-0.1702876091003418,"w":-0.1366833597421646},"size":8.924674987792969,"orthographic":false}