{"cameraMode":{"drawMode":0,"name":"Shaded","section":"Shading Mode"},"sceneLighting":false,"audioPlay":false,"sceneViewState":{"showFog":true,"showMaterialUpdate":false,"showSkybox":true,"showFlares":true,"showImageEffects":true,"showParticleSystems":true},"in2DMode":false,"pivot":{"x":0.0,"y":0.17109602689743043,"z":7.405287760775536e-8},"rotation":{"x":0.033111341297626498,"y":-0.9627318978309631,"z":0.22979849576950074,"w":0.13872173428535462},"size":0.00005715516090276651,"orthographic":false}